0,100.000000
1,-107.491000
2,-33.607500
3,96.834500
4,-41.912800
5,50.166100
6,-54.715200
7,-63.749300
8,-17.910400
9,-66.141900
10,-43.180400
11,20.167300
12,130.154500
13,-93.908700
14,-63.567200
15,-56.003000
16,74.669800
17,-33.488000
18,-8.691200
19,-13.141300
20,62.917900
21,-16.072000
22,-14.807800
23,-26.659000
24,-82.705700
25,-37.547200
26,-48.024200
27,75.630000
28,-55.921200
29,-9.966600
30,-32.198600
31,-58.331800
32,-16.271000
33,35.307600
34,94.475000
35,-58.744600
36,-37.626200
37,102.146900
38,99.925400
39,-48.246600
40,-62.113800
41,-55.572100
42,1.471000
43,-44.085900
44,-11.830200
45,10.309500
46,-78.446900
47,110.202800
48,97.175200
49,34.851600
50,-37.254600
51,-59.327300
52,40.859700
53,-28.453200
54,-61.200300
55,-89.017000
56,-41.242000
57,-41.606700
58,-11.740900
59,67.863100
60,-63.635300
61,-52.222200
62,-43.182700
63,-52.973000
64,47.575200
65,-50.708600
66,105.194100
67,102.944300
68,3.304600
69,18.097600
70,68.970600
71,-39.296800
72,-17.716400
73,-46.116000
74,-75.081200
75,-50.738500
76,-17.200600
77,-107.577400
78,-77.335400
79,106.975100
80,48.026200
81,-82.463900
82,71.589600
83,-37.816800
84,-36.333000
85,-30.908800
86,-43.502400
87,-47.477700
88,6.824600
89,-4.246200
90,-66.091200
91,-65.442300
92,-41.613700
93,56.743800
94,-37.082400
95,-3.286500
96,-45.979200
97,20.051000
98,-74.862100
99,-79.803100
100,-43.219800
101,-22.408300
102,-21.238900
103,-79.053900
104,-68.769500
105,-31.027000
106,-40.397200
107,-0.243900
108,36.389100
109,-47.274700
110,-6.555500
111,28.970800
112,-40.238800
113,-40.480200
114,106.419600
115,-0.797800
116,-37.849500
117,-24.382900
118,139.187900
119,99.922800
120,-75.932300
121,19.384600
122,-52.799100
123,4.336400
124,-27.394100
125,18.147600
126,-91.280300
127,-60.485800
128,-34.609000
129,-36.818700
130,-49.067500
131,-22.906900
132,-41.111900
133,96.294000
134,-126.304200
135,-102.014500
136,-41.927500
137,109.868800
138,-54.017000
139,-28.680100
140,97.179000
141,-10.795000
142,-13.242600
143,-37.147100
144,-70.951000
145,-53.262800
146,-69.098100
147,48.581700
148,45.323300
149,-55.857600
150,3.970100
151,-44.792400
152,-70.373700
153,-28.513000
154,20.169000
155,-57.132100
156,-48.659900
157,-46.428100
158,-112.167100
159,-37.391400
160,9.859200
161,-59.930700
162,-43.927300
163,-50.428500
164,-32.898400
165,-31.318500
166,121.296300
167,-38.588400
168,7.537800
169,-42.770300
170,73.756500
171,-67.430000
172,-69.512600
173,-50.775000
174,36.128000
175,-5.458200
176,-22.852100
177,-22.332400
178,-23.498900
179,-51.411700
180,34.313600
181,-25.813500
182,-50.004300
183,-56.387500
184,-52.400700
185,-20.008300
186,-1.192600
187,-8.561800
188,-47.472100
189,56.388900
190,-64.650000
191,-25.738800
192,-67.944300
193,128.156600
194,13.855500
195,-50.922900
196,18.594800
197,-60.143500
198,-69.002500
199,2.623600
200,-40.400700
201,-53.652600
202,-2.128500
203,-42.336800
204,-35.525100
205,-11.263700
206,70.192100
207,88.416000
208,-10.097800
209,65.215300
210,101.392100
211,66.231000
212,-90.689700
213,-48.530400
214,-86.450300
215,-113.699100
216,-122.063600
217,-63.651500
218,-62.586900
219,-113.498500
220,-59.449400
221,-122.418000
222,-135.441800
223,-99.211700
224,-57.078500
225,-138.033100
226,25.614200
227,-57.056300
228,-64.192900
229,-58.630500
230,-91.882600
231,52.125500
232,-51.144900
233,-83.486100
234,-32.787100
235,-37.262400
236,-93.616000
237,-81.076500
238,-99.445100
239,-70.260600
240,-70.810500
241,-99.586600
242,-66.224800
243,-51.436400
244,-66.465400
245,-45.078300
246,-106.769400
247,-116.119400
248,-37.338800
249,-50.079100
250,-101.799200
251,-56.158500
252,-54.981700
253,15.848700
254,-25.030100
255,-54.220000
256,-41.940100
257,18.414800
258,-32.100800
259,11.951500
260,-67.880900
261,-6.456300
262,58.126700
263,-13.300700
264,-51.953800
265,-73.996200
266,42.238100
267,-13.412200
268,56.184600
269,70.406300
270,-95.603600
271,-32.816900
272,111.379500
273,157.306400
274,99.951700
275,34.936700
276,-71.087500
277,-41.415300
278,-35.235300
279,-92.452900
280,119.600500
281,-48.069600
282,-53.650800
283,-4.745000
284,-108.009100
285,-53.495100
286,97.770600
287,-78.958700
288,58.494300
289,109.835500
290,-29.944900
291,-65.785200
292,-30.174000
293,-37.399100
294,-32.626900
295,7.647000
296,-42.533200
297,-51.935200
298,124.602200
299,99.908200
300,99.109000
301,-40.020700
302,29.407700
303,112.699800
304,46.273200
305,90.075400
306,99.922500
307,82.494800
308,14.885200
309,46.698600
310,-15.781700
311,99.059900
312,8.581600
313,6.857600
314,-40.051900
315,92.622300
316,102.544100
317,-6.347600
318,108.619300
319,-12.033100
320,-1.097100
321,-81.662400
322,97.160500
323,-6.133200
324,-6.445800
325,83.673000
326,9.469100
327,-69.587000
328,-43.263700
329,76.427100
330,81.222600
331,154.838400
332,99.932700
333,44.700600
334,72.378000
335,111.515900
336,88.157800
337,70.103000
338,92.251200
339,104.568300
340,172.118000
341,-11.149200
342,-73.725800
343,73.311100
344,58.204300
345,-37.963600
346,72.745900
347,121.027300
348,-11.485600
349,-60.071200
350,89.825300
351,118.544500
352,27.553500
353,136.736800
354,99.924500
355,-29.921600
356,-37.105400
357,61.491100
358,124.863500
359,113.833300
360,93.605100
361,104.453400
362,-30.505400
363,-31.828000
364,-84.683700
365,-77.118100
366,-60.414900
367,-27.211400
368,-15.736100
369,101.204100
370,3.643500
371,-42.040800
372,61.155700
373,76.989600
374,-42.921100
375,96.758700
376,115.265100
377,61.725100
378,96.537100
379,-44.141900
380,-67.022700
381,99.810500
382,99.922300
383,137.585400
384,102.914400
385,99.928200
386,99.928200
387,113.283500
388,102.925700
389,31.968900
390,105.833600
391,-5.427900
392,111.345600
393,117.908000
394,110.290000
395,103.352500
396,-28.945000
397,-53.815800
398,92.285600
399,99.927800
400,127.480200
401,82.433500
402,61.190600
403,-33.488100
404,-55.845200
405,-82.743000
406,-24.599200
407,-56.095600
408,-62.679100
409,-58.420300
410,-74.390700
411,-106.940100
412,2.641700
413,-55.152800
414,-50.719500
415,-47.507500
416,-53.380200
417,-60.720700
418,-64.252600
419,-46.448000
420,-50.493200
421,-64.654100
422,-87.768200
423,-6.693400
424,-56.763400
425,-60.288700
426,-58.690000
427,-74.115100
428,62.137600
429,-27.378200
430,-75.286000
431,-37.360500
432,-36.033700
433,88.325900
434,99.923500
435,-97.032100
436,3.997400
437,-91.613300
438,-71.201900
439,50.239700
440,-87.600200
441,-76.507900
442,36.349200
443,-64.440400
444,-69.462100
445,-55.023000
446,-29.954800
447,-78.937900
448,-64.900700
449,103.945700
450,-83.342200
451,5.728700
452,-51.383300
453,-37.620800
454,-36.784700
455,-74.708000
456,82.769400
457,195.195100
458,99.917900
459,-93.587900
460,109.500900
461,99.933000
462,-14.503900
463,-75.851300
464,-52.652000
465,-56.537600
466,-26.685300
467,-56.328600
468,116.818100
469,99.922900
470,-47.749700
471,100.310000
472,-54.579700
473,-56.436000
474,-60.000100
475,-106.673500
476,-44.538000
477,-37.373200
478,-44.955100
479,-12.852500
480,-53.680000
481,-63.009000
482,65.538300
483,35.249300
484,-55.235300
485,-55.823100
486,107.056700
487,99.925300
488,-50.742800
489,68.333700
490,-54.379000
491,-62.523100
492,47.349300
493,-66.058800
494,166.467900
495,67.258600
496,-41.523700
497,-54.775600
498,-41.718900
499,-37.095400
500,-65.125200
501,-85.273500
502,92.230300
503,12.503400
504,-32.865400
505,-11.157700
506,17.560300
507,-58.021000
508,-35.153000
509,95.327800
510,-48.566500
511,-48.363000
512,-31.931000
513,-108.995000
514,74.390100
515,-53.135800
516,-29.825000
517,-38.955300
518,89.316300
519,116.490800
520,-58.632200
521,-53.394400
522,-87.139600
523,-65.534700
524,-74.624400
525,-86.506400
526,-13.806100
527,-54.526500
528,-16.363900
529,-25.865100
530,34.197100
531,114.535000
532,99.907400
533,-58.419100
534,71.213900
535,-77.393300
536,102.732000
537,99.932200
538,-80.944200
539,103.570300
540,108.774500
541,-60.643900
542,-54.778300
543,125.451300
544,105.847900
545,1.895100
546,25.293200
547,4.661900
548,69.389700
549,87.548500
550,-57.157200
551,105.472800
552,108.547100
553,-1.622600
554,-67.810500
555,-37.718800
556,-41.022900
557,32.162000
558,55.569300
559,94.161800
560,101.558500
561,-28.047200
562,81.820300
563,99.919300
564,99.919300
565,99.919300
566,-59.187400
567,121.427000
568,18.150300
569,-22.278300
570,-69.328700
571,130.873700
572,-22.956300
573,78.096800
574,25.698900
575,9.366000
576,-55.700600
577,-6.667100
578,113.757100
579,42.860200
580,-20.025100
581,42.757100
582,23.684900
583,119.343900
584,-22.514300
585,-11.981600
586,94.323800
587,2.612700
588,23.650100
589,19.648300
590,156.064300
591,-32.045400
592,53.025700
593,77.571700
594,112.887400
595,26.166400
596,-50.738300
597,124.089700
598,99.930500
599,-0.597000
600,56.918300
601,166.688800
602,27.209600
603,99.451900
604,5.577400
605,-2.320300
606,2.502800
607,-26.070100
608,91.655300
609,-50.708700
610,90.962500
611,52.411000
612,151.782700
613,29.444600
614,3.929000
615,-43.120200
616,85.860000
617,-1.108200
618,103.731100
619,65.682500
620,179.154000
621,102.674300
622,2.547700
623,113.969400
624,17.803900
625,29.719600
626,79.096200
627,-26.429500
628,-25.819100
629,23.560900
630,71.872900
631,110.472500
632,105.665000
633,64.212700
634,86.307000
635,112.321000
636,36.412000
637,107.726100
638,99.919700
639,55.769800
640,11.451900
641,5.268400
642,92.134200
643,13.595300
644,-3.942300
645,-48.485400
646,74.732600
647,-63.575400
648,-50.729000
649,-42.697800
650,21.689600
651,9.193300
652,107.829100
653,83.923300
654,89.378300
655,105.405300
656,77.197600
657,94.399500
658,121.912000
659,45.835300
660,99.929300
661,-9.932600
662,131.374500
663,99.911300
664,-7.991600
665,3.661300
666,83.271400
667,44.578900
668,13.303500
669,66.968000
670,3.714600
671,101.953800
672,-35.691800
673,103.264000
674,126.485700
675,99.918500
676,118.066900
677,70.899700
678,-16.643400
679,29.986700
680,116.889200
681,93.403600
682,6.795400
683,-33.799600
684,108.562100
685,-10.930400
686,-20.120200
687,105.840200
688,109.996000
689,99.936500
690,113.021300
691,39.826900
692,28.542900
693,-56.312000
694,55.081200
695,-50.512900
696,-43.016100
697,-19.837600
698,94.474900
699,114.627200
700,108.171900
701,-35.827300
702,12.918800
703,-20.832900
704,5.257800
705,104.212600
706,39.421600
707,125.570400
708,99.931800
709,99.931800
710,99.931800
711,64.185200
712,-17.503500
713,8.702300
714,-48.106400
715,133.755200
716,99.938000
717,100.418200
718,9.426100
719,-57.704300
720,108.500300
721,119.417500
722,99.926300
723,84.375300
724,-51.791200
725,193.310400
726,99.940900
727,101.101100
728,-52.671900
729,-80.608000
730,-11.642400
731,99.920700
732,-79.141100
733,-92.918700
734,73.625900
735,-43.705500
736,-30.886400
737,47.439900
738,-24.724000
739,103.936700
740,122.877600
741,-33.721700
742,-14.791200
743,88.776200
744,107.481700
745,111.131500
746,99.939700
747,-43.572600
748,-47.393100
749,-53.815000
750,7.756500
751,-69.911000
752,58.515100
753,-51.322300
754,60.852700
755,-70.561100
756,-31.471000
757,113.576600
758,99.922700
759,87.026100
760,37.148400
761,-42.510600
762,29.811400
763,-7.497000
764,55.702800
765,12.720200
766,-64.924800
767,-13.535800
768,-66.227700
769,39.716500
770,-66.943700
771,120.113100
772,102.926700
773,-63.823400
774,-17.965900
775,-56.434000
776,103.825500
777,99.926700
778,-39.419300
779,82.185400
780,-25.751100
781,25.694300
782,97.562800
783,104.354900
784,7.233400
785,-2.088400
786,5.222500
787,-37.497500
788,100.997000
789,54.561200
790,-2.986800
791,-56.949300
792,79.222000
793,43.155700
794,87.382900
795,72.252600
796,104.131000
797,-41.429200
798,69.555100
799,100.470600
800,-34.037800
801,-63.362000
802,111.359400
803,99.931600
804,-60.634400
805,65.266600
806,68.570000
807,-21.497800
808,67.036300
809,-38.495000
810,-57.631600
811,109.204900
812,99.909700
813,-57.369300
814,106.468200
815,99.930500
816,90.669300
817,90.497800
818,12.845400
819,26.779200
820,65.520600
821,131.298700
822,99.923300
823,87.497300
824,112.743000
825,73.309700
826,103.375800
827,71.230500
828,113.014800
829,-42.695800
830,-13.199600
831,2.280000
832,55.356200
833,-42.341100
834,61.126600
835,37.607100
836,-12.783700
837,-24.244700
838,42.320900
839,76.165600
840,-16.312000
841,176.135500
842,-9.145500
843,113.123500
844,95.575300
845,109.335600
846,99.051900
847,72.690300
848,86.594100
849,101.915100
850,8.241500
851,49.679900
852,43.251600
853,115.174200
854,99.936200
855,54.137900
856,82.415300
857,108.067800
858,122.944300
859,33.099300
860,75.895800
861,128.345100
862,99.930000
863,99.930000
864,-5.904600
865,125.165400
866,99.929000
867,99.016200
868,115.362300
869,99.939100
870,61.147500
871,115.107600
872,99.921600
873,70.450900
874,90.289600
875,102.646200
876,100.605000
877,112.347400
878,110.731400
879,93.756700
880,-27.915100
881,175.442500
882,98.088200
883,142.312300
884,99.919200
885,38.445700
886,-0.435600
887,21.932400
888,57.124200
889,132.941700
890,218.083500
891,114.121600
892,99.917000
893,84.056300
894,125.623700
895,101.210300
896,104.600000
897,56.685500
898,115.890600
899,1.599400
900,100.985800
901,101.295900
902,132.262100
903,99.927500
904,99.927500
905,105.393200
906,102.939700
907,99.939700
908,99.939700
909,98.324400
910,126.769400
911,19.496700
912,46.765200
913,102.781000
914,99.936000
915,103.133600
916,100.401900
917,104.582100
918,-26.909300
919,131.595900
920,190.844700
921,120.978000
922,130.010500
923,2.112700
924,101.508400
925,99.913200
926,99.926500
927,108.100600
928,99.932900
929,89.027700
930,130.656000
931,99.929700
932,1.988100
933,119.540600
934,99.917100
935,75.232700
936,5.524200
937,107.604200
938,99.932800
939,142.609600
940,101.191100
941,133.926900
942,117.034100
943,121.356000
944,77.152300
945,164.344700
946,99.925500
947,55.875500
948,106.832600
949,97.496500
950,114.090200
951,78.494800
952,151.110400
953,99.928400
954,76.808100
955,151.806200
956,99.914100
957,69.667300
958,117.147700
959,8.354300
960,105.087700
961,117.689900
962,105.330100
963,99.932200
964,100.530000
965,99.938900
966,-60.923800
967,-57.342800
968,114.072600
969,-14.312400
970,142.092400
971,121.052300
972,100.751700
973,160.481700
974,128.555100
975,99.920700
976,116.366100
977,99.949000
978,-83.003100
979,-91.247700
980,88.069500
981,109.513500
982,99.919000
983,-12.053200
984,96.454900
985,125.300100
986,108.784500
987,-21.230700
988,139.039800
989,99.899400
990,113.384700
991,189.967500
992,99.931600
993,101.003500
994,99.905400
995,-10.836200
996,125.197500
997,112.790200
998,124.111400
999,113.495600
1000,99.937000
1001,81.093400
1002,110.089300
1003,116.579600
1004,99.914000
1005,106.906900
1006,102.802000
1007,73.805100
1008,135.971800
1009,120.522500
1010,114.798200
1011,127.418400
1012,99.909500
1013,105.845400
1014,-60.761000
1015,0.978700
1016,121.162900
1017,99.906000
1018,105.491800
1019,106.724000
1020,7.903200
1021,106.250400
1022,116.655300
1023,119.330800
1024,116.878200
1025,99.940400
1026,12.129300
1027,110.618700
1028,-38.787700
1029,105.062500
1030,81.854100
1031,117.116500
1032,107.213900
1033,107.157500
1034,114.438400
1035,105.718300
1036,101.839100
1037,118.739000
1038,122.000100
1039,122.551700
1040,99.901600
1041,111.998500
1042,99.913200
1043,-77.256600
1044,16.680100
1045,8.231100
1046,113.206200
1047,-80.920400
1048,86.359100
1049,102.686800
1050,138.283400
1051,99.921400
1052,119.150300
1053,87.831000
1054,104.222500
1055,120.924400
1056,99.912900
1057,-50.908600
1058,46.543600
1059,120.737100
1060,106.932000
1061,102.945100
1062,76.964500
1063,112.667500
1064,91.549100
1065,4.821000
1066,112.988900
1067,102.255700
1068,122.878800
1069,-69.475300
1070,35.926000
1071,123.619800
1072,99.929900
1073,104.114300
1074,49.825700
1075,109.115600
1076,5.194400
1077,114.876900
1078,83.730700
1079,120.013500
1080,88.314000
1081,42.277600
1082,11.503700
1083,100.654400
1084,119.821800
1085,104.700400
1086,112.858600
1087,102.714000
1088,138.154900
1089,99.923800
1090,108.953500
1091,113.605400
1092,118.137600
1093,131.455300
1094,72.440700
1095,89.513500
1096,107.063200
1097,99.920000
1098,-67.559600
1099,-58.794800
1100,66.386600
1101,113.555200
1102,106.006600
1103,102.748800
1104,115.102800
1105,127.901100
1106,81.995100
1107,126.199400
1108,118.226700
1109,152.557000
1110,99.902500
1111,25.316700
1112,133.625300
1113,127.749000
1114,99.908500
1115,2.620500
1116,-5.090000
1117,117.271600
1118,113.531300
1119,124.941800
1120,99.920300
1121,-53.246500
1122,96.635900
1123,113.214400
1124,99.928100
1125,8.790500
1126,124.850200
1127,168.777000
1128,123.593600
1129,135.625700
1130,102.930900
1131,127.276400
1132,112.739700
1133,102.917300
1134,91.674600
1135,107.768600
1136,110.362800
1137,99.923400
1138,116.746400
1139,115.323800
1140,135.994500
1141,99.931300
1142,106.714200
1143,99.935400
1144,115.002400
1145,133.147100
1146,115.645500
1147,119.088000
1148,119.132800
1149,107.765400
1150,117.533600
1151,113.520800
1152,99.924800
1153,93.301600
1154,123.583600
1155,103.622400
1156,106.708300
1157,89.360900
1158,87.050900
1159,9.388100
1160,124.367300
1161,124.483900
1162,50.405100
1163,112.204500
1164,113.952200
1165,99.945800
1166,117.706500
1167,99.928000
1168,99.928000
1169,108.872600
1170,135.641700
1171,-50.296000
1172,112.186100
1173,102.938200
1174,106.985900
1175,99.925200
1176,-59.888800
1177,122.166500
1178,9.907900
1179,101.507000
1180,99.941000
1181,100.525900
1182,75.721200
1183,120.491900
1184,165.811700
1185,99.908600
1186,12.201100
1187,104.522000
1188,90.794200
1189,116.765000
1190,112.207500
1191,115.377700
1192,116.659200
1193,99.942500
1194,93.498500
1195,99.895400
1196,103.481400
1197,114.002100
1198,99.929500
1199,121.615100
1200,-12.750900
1201,87.687800
1202,124.230500
1203,99.925300
1204,129.269000
1205,102.581500
1206,58.126500
1207,116.673100
1208,2.785700
1209,155.190500
1210,99.927100
1211,32.198700
1212,99.985700
1213,99.904400
1214,99.904400
1215,107.473700
1216,116.125000
1217,107.776800
1218,115.870100
1219,99.929000
1220,109.894100
1221,-44.535400
1222,96.100000
1223,99.905700
1224,103.897200
1225,99.908400
1226,99.908400
1227,104.305800
1228,121.716700
1229,127.113800
1230,99.931800
1231,-67.350600
1232,131.134300
1233,99.931300
1234,140.684200
1235,111.272300
1236,95.287000
1237,104.229200
1238,160.339100
1239,99.915400
1240,119.081200
1241,-20.910400
1242,109.228200
1243,99.918300
1244,-24.656000
1245,38.460000
1246,80.592200
1247,102.925600
1248,108.679600
1249,102.947300
1250,111.440200
1251,136.011700
1252,161.431800
1253,99.935100
1254,1.260400
1255,87.905200
1256,147.777300
1257,99.909000
1258,113.477900
1259,116.225100
1260,146.853900
1261,99.916500
1262,-6.591200
1263,87.639800
1264,116.524000
1265,-80.356100
1266,175.769200
1267,116.769600
1268,117.664100
1269,108.714700
1270,120.147100
1271,99.925500
1272,99.925500
1273,99.925500
1274,98.513200
1275,104.929700
1276,-44.427600
1277,121.138600
1278,111.152800
1279,87.677500
1280,99.934900
1281,116.746500
1282,128.145900
1283,102.771700
1284,99.909500
1285,127.432700
1286,99.942800
1287,113.683800
1288,93.451500
1289,132.097900
1290,111.937200
1291,99.915700
1292,-47.872400
1293,25.800900
1294,104.041300
1295,126.889100
1296,112.977300
1297,117.687300
1298,108.886500
1299,131.189800
1300,126.274200
1301,99.917800
1302,142.804200
1303,99.929300
1304,103.929000
1305,99.952200
1306,8.622400
1307,127.119200
1308,124.494100
1309,115.560700
1310,111.931200
1311,144.982200
1312,94.259700
1313,128.899800
1314,102.922900
1315,26.108500
1316,143.721200
1317,113.159900
1318,108.365900
1319,142.511900
1320,99.921700
1321,51.957200
1322,-29.394900
1323,80.072500
1324,99.927000
1325,128.274200
1326,96.426200
1327,102.479900
1328,142.458400
1329,99.937300
1330,159.316600
1331,99.943800
1332,62.778600
1333,128.129400
1334,105.179500
1335,161.893300
1336,99.932500
1337,50.768800
1338,201.183700
1339,99.923400
1340,110.640600
1341,128.356400
1342,114.042700
1343,107.222800
1344,121.554300
1345,122.224900
1346,99.902600
1347,-1.011100
1348,104.664800
1349,111.227300
1350,111.083300
1351,99.930500
1352,119.063600
1353,99.936500
1354,110.034900
1355,-5.380700
1356,116.172800
1357,126.746700
1358,121.132500
1359,114.073300
1360,192.593300
1361,125.173400
1362,99.899100
1363,61.967200
1364,99.785200
1365,126.599600
1366,120.047700
1367,124.667600
1368,102.647500
1369,-5.123700
1370,119.605000
1371,20.432400
1372,103.888100
1373,99.915100
1374,105.855200
1375,102.912100
1376,20.482700
1377,-3.401700
1378,110.811700
1379,99.916100
1380,101.332100
1381,136.428800
1382,99.930100
1383,22.885500
1384,96.905500
1385,106.195300
1386,118.713200
1387,196.939400
1388,99.933800
1389,-17.292600
1390,-61.827700
1391,141.283600
1392,99.915600
1393,96.098900
1394,11.752900
1395,111.042300
1396,48.393000
1397,123.210300
1398,127.665100
1399,73.479300
1400,102.805700
1401,92.592800
1402,130.425300
1403,108.728200
1404,114.112100
1405,110.086000
1406,99.935200
1407,93.122100
1408,22.913800
1409,99.935500
1410,97.275500
1411,123.541200
1412,123.843900
1413,99.912000
1414,41.962100
1415,117.767700
1416,102.250400
1417,116.350500
1418,127.926500
1419,99.926000
1420,111.976700
1421,99.934200
1422,62.568700
1423,110.694800
1424,119.992600
1425,57.190000
1426,138.723700
1427,99.929300
1428,102.909600
1429,99.906300
1430,121.482200
1431,90.184300
1432,82.865900
1433,137.003600
1434,109.871700
1435,129.238800
1436,115.656300
1437,56.920000
1438,91.078500
1439,135.286100
1440,14.546700
1441,49.186800
1442,153.211100
1443,99.932800
1444,122.320300
1445,113.754400
1446,174.701000
1447,99.905700
1448,99.905700
1449,36.686000
1450,113.336600
1451,41.191300
1452,156.716300
1453,99.934800
1454,-4.955000
1455,108.473000
1456,109.817500
1457,99.921700
1458,41.345000
1459,112.355100
1460,105.066800
1461,90.262600
1462,108.235000
1463,99.911700
1464,103.178700
1465,99.951300
1466,10.700500
1467,73.643100
1468,108.439000
1469,97.383800
1470,137.999500
1471,99.917000
1472,127.465000
1473,29.940500
1474,101.068200
1475,88.222600
1476,38.988800
1477,137.370100
1478,119.270900
1479,103.381200
1480,99.923800
1481,110.458000
1482,102.480800
1483,153.445400
1484,99.923400
1485,88.604500
1486,75.378200
1487,123.285200
1488,106.142400
1489,134.105900
1490,70.394400
1491,143.081200
1492,99.917600
1493,112.207400
1494,99.931400
1495,123.747500
1496,102.951300
1497,115.357300
1498,99.280600
1499,100.909700
1500,105.004800
1501,102.225300
1502,114.058300
1503,99.913400
1504,128.182800
1505,113.315900
1506,124.143600
1507,-8.488500
1508,119.616200
1509,99.944500
1510,128.813900
1511,99.926900
1512,19.055300
1513,82.558400
1514,114.673500
1515,125.368600
1516,114.776800
1517,70.507300
1518,133.458700
1519,99.923500
1520,100.945300
1521,129.314000
1522,93.361000
1523,115.844000
1524,102.667900
1525,109.359000
1526,155.542600
1527,165.138400
1528,99.900900
1529,89.461600
1530,75.496500
1531,128.736100
1532,99.920400
1533,139.022900
1534,111.642000
1535,68.225300
1536,125.208200
1537,99.923500
1538,116.978500
1539,116.718100
1540,109.059100
1541,105.775300
1542,101.688300
1543,103.841200
1544,109.369500
1545,-33.605700
1546,196.936700
1547,114.072700
1548,99.943200
1549,113.335000
1550,107.318400
1551,105.787100
1552,175.520400
1553,-52.577100
1554,18.134300
1555,112.042000
1556,87.653800
1557,124.301700
1558,109.167800
1559,158.917000
1560,99.921500
1561,152.270100
1562,102.716800
1563,111.594400
1564,63.924900
1565,12.642400
1566,62.202700
1567,116.023800
1568,99.915600
1569,128.756900
1570,99.914500
1571,103.168100
1572,112.502000
1573,123.318100
1574,99.923500
1575,111.006700
1576,116.859500
1577,102.934600
1578,80.153200
1579,105.277700
1580,117.076800
1581,110.749400
1582,119.631900
1583,106.457300
1584,54.530500
1585,32.105100
1586,131.207400
1587,31.187000
1588,108.867900
1589,98.786000
1590,101.400800
1591,100.637900
1592,110.832900
1593,52.795700
1594,114.692200
1595,99.915600
1596,89.565600
1597,95.962600
1598,89.617300
1599,49.943100
1600,91.139200
1601,128.149400
1602,99.924800
1603,97.044600
1604,102.923400
1605,71.682100
1606,130.060800
1607,84.181600
1608,145.990200
1609,165.569400
1610,99.926700
1611,93.486600
1612,163.272200
1613,99.929400
1614,16.578300
1615,126.115200
1616,98.828300
1617,133.880400
1618,99.924800
1619,124.241000
1620,99.935500
1621,79.862200
1622,106.542500
1623,99.936700
1624,102.296200
1625,91.958500
1626,47.481700
1627,112.530800
1628,87.806800
1629,124.806500
1630,109.081200
1631,-21.682800
1632,190.129100
1633,125.316500
1634,12.108500
1635,17.696300
1636,96.080700
1637,81.253700
1638,20.932900
1639,39.849200
1640,99.428200
1641,99.894800
1642,34.005300
1643,49.148900
1644,139.662600
1645,121.925100
1646,139.562700
1647,105.026700
1648,111.111600
1649,35.357800
1650,4.434200
1651,103.147000
1652,112.639700
1653,102.776300
1654,-27.920300
1655,113.866600
1656,102.338100
1657,73.846000
1658,101.395100
1659,115.704200
1660,158.719900
1661,99.925800
1662,108.092900
1663,168.215100
1664,99.932700
1665,106.258300
1666,99.926700
1667,107.823500
1668,112.913100
1669,82.837800
1670,129.177200
1671,99.927600
1672,87.091700
1673,151.459000
1674,99.899900
1675,117.259200
1676,124.140700
1677,116.699600
1678,62.485800
1679,101.906000
1680,88.949400
1681,74.800800
1682,117.498200
1683,99.939200
1684,99.939200
1685,33.345400
1686,115.487800
1687,82.782600
1688,107.722800
1689,114.033600
1690,114.637600
1691,99.916700
1692,104.378700
1693,108.601300
1694,106.831500
1695,118.992100
1696,99.867600
1697,106.795800
1698,99.913700
1699,116.484900
1700,99.894500
1701,39.768300
1702,111.133700
1703,9.120700
1704,102.872900
1705,88.659100
1706,49.457200
1707,119.458000
1708,99.900200
1709,49.993500
1710,13.108100
1711,105.570900
1712,99.913300
1713,-0.363800
1714,56.099400
1715,102.555800
1716,32.246600
1717,78.585500
1718,44.195200
1719,99.141500
1720,90.738000
1721,117.114600
1722,67.569600
1723,69.976900
1724,105.268300
1725,121.914700
1726,121.276700
1727,83.750100
1728,108.023600
1729,54.276700
1730,99.279500
1731,109.676300
1732,107.709000
1733,108.958300
1734,102.639200
1735,122.595000
1736,124.526700
1737,113.953400
1738,99.925200
1739,110.589600
1740,99.924600
1741,123.234200
1742,141.338100
1743,99.916100
1744,11.765200
1745,124.254700
1746,99.916300
1747,101.685700
1748,44.098800
1749,75.732900
1750,97.026400
1751,132.003900
1752,111.982000
1753,114.802000
1754,109.410400
1755,99.931400
1756,110.896300
1757,99.904100
1758,41.129100
1759,102.011400
1760,102.932800
1761,82.560800
1762,170.127200
1763,8.243400
1764,65.491900
1765,12.351300
1766,112.044900
1767,88.843800
1768,102.576700
1769,83.904600
1770,17.790800
1771,101.127300
1772,99.941000
1773,117.736800
1774,111.946600
1775,71.502400
1776,65.149200
1777,165.058300
1778,111.014000
1779,102.920400
1780,111.929800
1781,99.916500
1782,99.916500
1783,125.625400
1784,63.271000
1785,70.420400
1786,118.201400
1787,102.920500
1788,129.882700
1789,99.934500
1790,116.040800
1791,95.855500
1792,111.000100
1793,60.391000
1794,143.726700
1795,99.935600
1796,142.233200
1797,99.928900
1798,103.649500
1799,12.738300
1800,77.334300
1801,138.789800
1802,99.923100
1803,-11.101100
1804,111.276200
1805,13.506900
1806,111.151200
1807,120.760600
1808,24.405200
1809,55.980600
1810,117.354600
1811,107.974000
1812,138.879800
1813,109.004600
1814,106.366900
1815,99.927200
1816,95.957800
1817,104.775800
1818,99.432200
1819,99.932100
1820,95.461600
1821,111.641300
1822,126.666300
1823,49.328400
1824,110.083900
1825,118.777500
1826,139.502500
1827,110.891400
1828,129.234200
1829,99.914900
1830,93.368200
1831,101.524700
1832,122.372900
1833,99.916500
1834,100.818400
1835,161.459300
1836,99.942100
1837,185.505900
1838,126.225800
1839,89.164900
1840,102.503000
1841,112.149700
1842,97.566800
1843,122.924800
1844,69.215700
1845,98.984400
1846,111.139700
1847,90.979000
1848,102.434000
1849,88.388400
1850,122.998700
1851,89.426700
1852,106.862000
1853,139.680600
1854,99.939300
1855,1.853700
1856,99.899900
1857,37.937900
1858,105.895400
1859,99.928200
1860,104.897100
1861,155.669800
1862,111.355800
1863,144.779200
1864,99.922600
1865,51.720100
1866,6.636500
1867,86.763700
1868,83.749300
1869,123.069900
1870,128.651600
1871,25.762200
1872,62.810800
1873,95.249700
1874,99.102600
1875,145.736500
1876,99.926200
1877,-0.076200
1878,-72.431600
1879,135.129700
1880,112.437600
1881,99.901300
1882,99.901300
1883,104.939100
1884,85.654400
1885,60.155300
1886,59.061900
1887,69.619200
1888,127.845100
1889,99.922200
1890,130.667900
1891,-14.258400
1892,112.060000
1893,150.207000
1894,-23.659100
1895,131.480500
1896,-64.916500
1897,103.836500
1898,99.911200
1899,85.088900
1900,4.437400
1901,100.057800
1902,99.917400
1903,10.465700
1904,130.401900
1905,58.830900
1906,114.032000
1907,102.833300
1908,84.172500
1909,124.037200
1910,120.582400
1911,104.663200
1912,34.212700
1913,-54.238600
1914,164.263300
1915,46.769300
1916,112.909400
1917,26.298600
1918,10.656700
1919,71.763400
1920,94.038100
1921,167.667700
1922,95.584900
1923,185.561600
1924,111.317300
1925,118.328300
1926,102.932100
1927,103.206700
1928,99.923000
1929,99.923000
1930,122.962300
1931,99.940700
1932,-40.923600
1933,113.678600
1934,99.911000
1935,61.352600
1936,76.993500
1937,141.108400
1938,99.926900
1939,-64.008300
1940,-54.332600
1941,142.921600
1942,82.140900
1943,117.024000
1944,95.716000
1945,110.938900
1946,10.974600
1947,102.265400
1948,8.681500
1949,69.893900
1950,78.991600
1951,117.685400
1952,161.739100
1953,99.910200
1954,91.511300
1955,147.439900
1956,99.913600
1957,114.032400
1958,99.928500
1959,112.523000
1960,113.204400
1961,99.907100
1962,13.540300
1963,118.698300
1964,124.776000
1965,114.165900
1966,102.925800
1967,102.143400
1968,118.285800
1969,119.939100
1970,99.934300
1971,101.855000
1972,38.988100
1973,107.527700
1974,99.927700
1975,101.699300
1976,99.926500
1977,107.495100
1978,74.601900
1979,88.634600
1980,116.516500
1981,89.767900
1982,9.296000
1983,73.240000
1984,101.432400
1985,-35.769400
1986,83.399300
1987,-26.396400
1988,49.514400
1989,107.203600
1990,117.054400
1991,65.399900
1992,2.434300
1993,120.433600
1994,117.779500
1995,129.034800
1996,-68.092100
1997,172.362200
1998,99.917900
1999,78.087300
2000,122.405800
2001,99.933000
2002,14.709900
2003,85.189200
2004,105.413800
2005,115.758800
2006,63.530900
2007,117.517800
2008,100.297900
2009,119.854600
2010,99.934300
2011,154.311200
2012,111.684800
2013,74.617900
2014,116.863000
2015,99.920500
2016,101.803400
2017,110.484500
2018,65.715400
2019,-63.505500
2020,91.969000
2021,99.912900
2022,122.819700
2023,99.917300
2024,99.917300
2025,139.362000
2026,99.935800
2027,116.871300
2028,157.761400
2029,107.342100
2030,75.663700
2031,106.774400
2032,99.941300
2033,50.058700
2034,34.496700
2035,57.981600
2036,109.046800
2037,117.481600
2038,86.908800
2039,171.323500
2040,102.929300
2041,87.971800
2042,120.449000
2043,113.697900
2044,99.922100
2045,115.481300
2046,107.470900
2047,102.934300
2048,44.871800
2049,44.840200
2050,132.380100
2051,99.930500
2052,-5.185700
2053,98.058100
2054,38.336500
2055,-37.315600
2056,-40.243600
2057,112.149500
2058,54.100200
2059,99.038100
2060,125.130800
2061,105.702100
2062,99.349100
2063,102.665300
2064,98.406600
2065,42.683600
2066,116.459900
2067,8.517300
2068,58.288400
2069,124.946700
2070,99.916000
2071,32.574900
2072,112.273500
2073,99.925800
2074,-26.161700
2075,94.214100
2076,108.627700
2077,104.546200
2078,99.933500
2079,102.113900
2080,101.594800
2081,-62.639300
2082,111.464600
2083,99.918400
2084,167.399300
2085,99.922900
2086,105.652200
2087,105.741700
2088,108.110400
2089,125.723800
2090,99.940700
2091,107.881300
2092,168.888900
2093,99.919200
2094,135.164800
2095,99.930100
2096,106.016500
2097,102.927700
2098,89.252500
2099,33.370000
2100,105.769100
2101,95.809600
2102,36.840200
2103,-62.631300
2104,-86.427900
2105,111.700600
2106,99.930800
2107,58.369100
2108,103.939000
2109,55.982600
2110,51.638500
2111,120.347600
2112,24.896900
2113,131.174500
2114,119.614100
2115,-26.255700
2116,49.650000
2117,14.863500
2118,108.935700
2119,130.361100
2120,120.535900
2121,99.919300
2122,99.919300
2123,-71.533200
2124,87.844700
2125,157.517600
2126,95.329200
2127,95.468200
2128,-66.867200
2129,50.384800
2130,31.557400
2131,60.604200
2132,77.539500
2133,80.919300
2134,24.907700
2135,116.751000
2136,99.924700
2137,110.892000
2138,102.920400
2139,57.051700
2140,-81.820200
2141,86.956100
2142,77.681800
2143,63.785700
2144,111.901700
2145,118.577800
2146,99.932000
2147,99.932000
2148,36.952500
2149,67.036600
2150,113.738500
2151,98.621400
2152,85.056900
2153,56.611500
2154,-4.602600
2155,62.792800
2156,131.245000
2157,99.896000
2158,-0.210500
2159,104.477500
2160,108.914600
2161,162.660500
2162,99.921200
2163,103.502500
2164,102.801200
2165,84.251200
2166,-83.917400
2167,104.537700
2168,-19.122000
2169,100.484000
2170,107.287100
2171,122.216500
2172,-57.225400
2173,-34.886700
2174,33.749000
2175,97.513400
2176,102.919800
2177,101.443700
2178,158.419000
2179,99.920400
2180,106.104100
2181,99.944100
2182,99.933500
2183,101.697000
2184,-7.616500
2185,-13.674300
2186,80.569400
2187,59.195400
2188,128.124100
2189,99.934100
2190,97.272300
2191,72.399300
2192,77.175400
2193,-45.267800
2194,91.706300
2195,-24.021300
2196,104.683500
2197,99.928100
2198,99.928100
2199,152.659700
2200,99.914100
2201,119.300500
2202,-62.691400
2203,2.948500
2204,67.470200
2205,103.587700
2206,187.294300
2207,72.048800
2208,105.798000
2209,99.916600
2210,108.373800
2211,99.934200
2212,47.356600
2213,105.934800
2214,78.749800
2215,23.658600
2216,118.974600
2217,99.929300
2218,99.929300
2219,28.358600
2220,76.792600
2221,164.234800
2222,99.916900
2223,106.734500
2224,114.816300
2225,99.918300
2226,42.118100
2227,-34.292100
2228,103.007700
2229,127.915400
2230,22.655900
2231,60.604800
2232,115.838300
2233,99.940100
2234,155.099700
2235,99.936500
2236,130.684600
2237,99.917800
2238,169.419600
2239,68.148000
2240,80.380500
2241,1.110700
2242,113.114700
2243,99.906300
2244,-19.950000
2245,114.369400
2246,24.323400
2247,202.912500
2248,102.750800
2249,99.927400
2250,138.616900
2251,35.522700
2252,48.412400
2253,102.600000
2254,78.875000
2255,172.425300
2256,99.930500
2257,33.049200
2258,130.568300
2259,99.918100
2260,-44.528700
2261,27.397900
2262,113.576400
2263,-11.202900
2264,107.940800
2265,103.946200
2266,99.929200
2267,123.450200
2268,99.938500
2269,158.697300
2270,99.918300
2271,37.727700
2272,14.911500
2273,-76.071400
2274,183.149900
2275,113.549100
2276,99.930500
2277,-18.374500
2278,63.912100
2279,-18.978100
2280,104.158200
2281,99.937400
2282,116.672300
2283,123.461500
2284,99.892300
2285,79.542700
2286,178.958200
2287,99.923800
2288,99.923800
2289,-57.605200
2290,143.329400
2291,99.907200
2292,102.407600
2293,99.919900
2294,103.862500
2295,116.039800
2296,121.735300
2297,99.917900
2298,-33.973400
2299,115.677200
2300,121.177700
2301,118.549800
2302,-48.880600
2303,102.128100
2304,99.934900
2305,107.746400
2306,182.466500
2307,26.046700
2308,147.258500
2309,99.932600
2310,-82.588500
2311,110.382300
2312,66.204900
2313,114.680100
2314,99.923200
2315,56.229900
2316,45.535200
2317,113.578900
2318,99.932700
2319,155.205300
2320,99.901800
2321,107.436200
2322,99.924000
2323,114.761400
2324,99.895800
2325,28.739200
2326,105.391700
2327,72.850400
2328,-18.411700
2329,110.577400
2330,118.712500
2331,87.638500
2332,116.709400
2333,99.925500
2334,102.313300
2335,27.269800
2336,38.700400
2337,49.088900
2338,49.577500
2339,11.167300
2340,-61.980300
2341,105.766200
2342,99.926900
2343,132.490200
2344,111.039900
2345,164.410300
2346,105.400400
2347,105.568600
2348,104.280500
2349,99.922600
2350,35.466700
2351,-33.606700
2352,58.638400
2353,121.786800
2354,133.553900
2355,99.933500
2356,152.495600
2357,-55.514400
2358,108.238100
2359,-35.786300
2360,21.278700
2361,93.614500
2362,137.844000
2363,156.734400
2364,99.921700
2365,4.485800
2366,127.267200
2367,88.842900
2368,106.600500
2369,84.936400
2370,60.415800
2371,10.318600
2372,144.014900
2373,-14.382600
2374,65.711500
2375,-55.326400
2376,101.432300
2377,96.095600
2378,117.321200
2379,77.732600
2380,144.956000
2381,99.933900
2382,166.937700
2383,150.019800
2384,-24.250200
2385,-19.949100
2386,28.941900
2387,28.531100
2388,140.009100
2389,99.917500
2390,69.829700
2391,108.487400
2392,101.984200
2393,-103.820400
2394,120.058900
2395,116.542800
2396,105.137000
2397,200.913700
2398,57.491300
2399,102.805500
2400,160.415200
2401,99.914400
2402,-78.365600
2403,105.891700
2404,105.590000
2405,105.420000
2406,99.911900
2407,83.363400
2408,40.011000
2409,103.388100
2410,135.273800
2411,-59.406300
2412,88.818200
2413,115.331700
2414,110.998200
2415,59.905300
2416,42.903500
2417,89.383700
2418,99.938800
2419,31.511000
2420,88.608800
2421,102.694500
2422,191.318800
2423,75.995600
2424,96.177700
2425,106.532300
2426,99.921800
2427,95.167300
2428,119.403400
2429,-64.649500
2430,-104.715800
2431,-27.073600
2432,-28.389700
2433,-79.948900
2434,77.265300
2435,103.992100
2436,-4.498700
2437,-27.720800
2438,123.855400
2439,134.324800
2440,99.924600
2441,99.924600
2442,110.069400
2443,-76.849700
2444,1.084500
2445,91.812000
2446,-46.884900
2447,-88.734300
2448,105.906200
2449,99.904500
2450,89.740000
2451,116.932200
2452,105.311400
2453,40.114700
2454,84.019400
2455,-42.010400
2456,48.601300
2457,121.693100
2458,108.948600
2459,86.808500
2460,78.336900
2461,99.912400
2462,105.513500
2463,102.923300
2464,-42.158400
2465,105.943100
2466,104.724400
2467,-59.476800
2468,140.595800
2469,99.924100
2470,23.467200
2471,106.058300
2472,97.401800
2473,94.740200
2474,103.003400
2475,121.725000
2476,99.931900
2477,109.063900
2478,-48.767400
2479,-84.166000
2480,86.543700
2481,-24.975600
2482,84.993300
2483,12.572600
2484,35.730900
2485,34.388900
2486,16.157600
2487,105.513500
2488,99.938500
2489,-81.157200
2490,99.537100
2491,99.923900
2492,116.687000
2493,99.934500
2494,-65.755400
2495,135.989600
2496,99.901800
2497,103.912000
2498,113.289200
2499,94.640100
2500,99.918500
2501,125.981600
2502,-34.539600
2503,88.158200
2504,113.740500
2505,124.133900
2506,99.928900
2507,33.574300
2508,-71.870100
2509,99.994700
2510,-83.236900
2511,92.335800
2512,99.920200
2513,69.490800
2514,99.912000
2515,77.127100
2516,124.829100
2517,-17.063600
2518,101.112700
2519,99.895300
2520,-76.577800
2521,101.024900
2522,99.926300
2523,-19.070100
2524,148.372200
2525,-91.709200
2526,118.229700
2527,99.953800
2528,13.647800
2529,122.430300
2530,110.568300
2531,-25.125400
2532,100.942400
2533,99.921300
2534,108.907700
2535,99.931700
2536,-46.159400
2537,104.158600
2538,-70.784600
2539,84.975700
2540,95.007900
2541,4.434700
2542,-99.056500
2543,46.879400
2544,122.016900
2545,99.895900
2546,41.182600
2547,-45.030000
2548,111.727500
2549,102.917600
2550,126.705400
2551,65.322300
2552,104.793900
2553,-50.124100
2554,-75.312100
2555,44.954100
2556,-78.613600
2557,101.398400
2558,99.910200
2559,109.204500
2560,133.426500
2561,-79.424400
2562,56.515800
2563,124.837900
2564,47.191600
2565,41.338100
2566,96.514600
2567,99.934500
2568,99.934500
2569,-102.893000
2570,-59.114100
2571,-62.531000
2572,68.081400
2573,73.860100
2574,34.857400
2575,123.319400
2576,110.650900
2577,52.173400
2578,146.618800
2579,102.935100
2580,95.383800
2581,46.629400
2582,102.213600
2583,116.406000
2584,120.289200
2585,111.582400
2586,175.350400
2587,97.502800
2588,176.654600
2589,215.284600
2590,-94.178300
2591,-76.379300
2592,88.540600
2593,-8.176000
2594,15.838600
2595,117.847500
2596,99.920100
2597,112.491700
2598,193.190500
2599,99.913200
2600,85.207100
2601,111.290300
2602,109.629200
2603,172.605200
2604,99.925100
2605,-83.767600
2606,-36.561500
2607,87.566900
2608,81.484700
2609,118.158100
2610,148.085800
2611,10.790200
2612,106.752600
2613,59.176000
2614,100.586800
2615,108.213400
2616,123.808800
2617,119.838200
2618,114.277300
2619,124.059600
2620,99.921900
2621,70.396000
2622,81.431500
2623,113.898600
2624,104.474100
2625,105.006700
2626,102.710400
2627,99.922400
2628,106.088700
2629,-69.679200
2630,94.786300
2631,-58.304900
2632,74.491400
2633,-136.771500
2634,89.923900
2635,-36.266000
2636,117.340100
2637,98.199400
2638,114.952800
2639,126.949200
2640,116.805900
2641,109.024300
2642,-106.808900
2643,48.017500
2644,21.753400
2645,87.237400
2646,99.912900
2647,-86.335200
2648,131.293700
2649,99.924800
2650,91.770300
2651,85.289800
2652,-24.982200
2653,71.401800
2654,102.935300
2655,80.401000
2656,9.920700
2657,103.459700
2658,102.778400
2659,80.009100
2660,109.826400
2661,102.922500
2662,121.699300
2663,-74.212400
2664,-106.970700
2665,117.793500
2666,99.913600
2667,105.400000
2668,119.387600
2669,127.627300
2670,99.913800
2671,91.678800
2672,112.942600
2673,153.003100
2674,99.926400
2675,81.390700
2676,103.453400
2677,110.880700
2678,14.639800
2679,29.027500
2680,-104.136100
2681,107.985900
2682,99.920600
2683,-42.397200
2684,112.372000
2685,99.930500
2686,-5.080200
2687,-45.433200
2688,97.604000
2689,162.470100
2690,53.912800
2691,-66.494700
2692,145.002400
2693,99.924600
2694,96.246800
2695,133.299700
2696,54.245400
2697,-67.559300
2698,109.907600
2699,47.437100
2700,97.788700
2701,-26.536200
2702,77.010500
2703,109.636300
2704,19.003900
2705,107.043400
2706,132.323800
2707,99.938300
2708,13.210800
2709,23.778700
2710,125.912800
2711,128.181900
2712,63.684600
2713,123.660400
2714,132.958100
2715,99.906500
2716,43.909600
2717,115.935400
2718,181.475300
2719,99.921000
2720,33.111200
2721,-25.903400
2722,-21.899100
2723,-45.170500
2724,-59.470300
2725,101.464400
2726,99.917200
2727,103.273400
2728,191.660800
2729,138.944300
2730,99.927200
2731,92.987800
2732,107.221500
2733,70.077800
2734,103.033900
2735,119.493000
2736,-25.193900
2737,118.468000
2738,79.340600
2739,24.091000
2740,17.159500
2741,94.035600
2742,99.909200
2743,87.696300
2744,120.569600
2745,90.119900
2746,111.129600
2747,110.591100
2748,117.150100
2749,128.356300
2750,19.945600
2751,19.872500
2752,105.093600
2753,-23.852600
2754,94.929400
2755,111.876400
2756,102.925600
2757,31.049600
2758,99.568800
2759,99.908600
2760,100.829900
2761,-37.649300
2762,132.107100
2763,99.927200
2764,99.927200
2765,128.879500
2766,-38.887600
2767,103.168600
2768,112.631000
2769,99.923800
2770,29.908500
2771,125.407700
2772,99.928200
2773,99.928200
2774,108.582500
2775,93.700100
2776,26.970000
2777,121.765100
2778,99.929700
2779,47.171100
2780,-75.961800
2781,103.872300
2782,116.033500
2783,99.910500
2784,111.822500
2785,99.934300
2786,-42.143500
2787,-74.782100
2788,-32.910100
2789,-18.870100
2790,117.126700
2791,115.671000
2792,-34.395500
2793,87.845500
2794,-83.430600
2795,101.954600
2796,99.910400
2797,155.905100
2798,102.932700
2799,90.408500
2800,114.908700
2801,99.935300
2802,107.630300
2803,99.925900
2804,113.856500
2805,99.912300
2806,113.577800
2807,99.940000
2808,82.142000
2809,-27.631500
2810,125.843500
2811,109.263600
2812,99.901700
2813,100.396800
2814,99.929200
2815,99.934100
2816,98.249400
2817,113.684000
2818,102.710900
2819,54.045700
2820,120.920500
2821,99.930100
2822,99.930100
2823,108.498600
2824,99.934600
2825,100.013200
2826,54.189300
2827,-5.378300
2828,-72.205800
2829,103.529200
2830,130.134200
2831,12.186000
2832,159.564200
2833,99.921400
2834,42.476100
2835,101.117900
2836,31.291000
2837,105.801000
2838,-53.463700
2839,-66.401700
2840,104.496100
2841,155.997600
2842,99.919700
2843,114.413100
2844,95.607000
2845,152.066200
2846,102.724400
2847,106.331200
2848,115.565200
2849,99.901700
2850,-6.598500
2851,121.599300
2852,48.428700
2853,62.655700
2854,96.352400
2855,99.922200
2856,106.797300
2857,99.925800
2858,99.925800
2859,99.925800
2860,99.925800
2861,11.625200
2862,99.931700
2863,31.097200
2864,-3.353400
2865,113.375200
2866,99.919100
2867,99.919100
2868,99.919100
2869,-18.771600
2870,-35.911600
2871,36.041800
2872,131.049300
2873,196.959000
2874,99.927100
2875,112.357900
2876,99.944400
2877,112.295500
2878,99.919100
2879,106.084400
2880,99.904400
2881,-66.849200
2882,125.209900
2883,99.940900
2884,103.515300
2885,99.903600
2886,99.903600
2887,105.849600
2888,10.797800
2889,-101.145200
2890,97.166900
2891,111.277300
2892,99.933000
2893,98.008700
2894,11.407400
2895,103.129000
2896,118.644300
2897,102.914200
2898,-37.039900
2899,86.571300
2900,132.736900
2901,99.939700
2902,118.744800
2903,99.918500
2904,124.862600
2905,124.782700
2906,105.748400
2907,153.091800
2908,138.666500
2909,-44.867700
2910,48.852500
2911,-6.659400
2912,-52.621400
2913,-25.248500
2914,-19.510300
2915,-68.505200
2916,94.978200
2917,105.612600
2918,-78.098000
2919,106.663000
2920,17.254500
2921,-81.453900
2922,48.053200
2923,-53.490500
2924,-101.001500
2925,-36.805700
2926,109.746800
2927,107.831700
2928,-27.572500
2929,-101.640000
2930,89.500700
2931,132.516400
2932,99.910700
2933,53.888000
2934,-82.662900
2935,-33.451200
2936,122.800600
2937,108.069400
2938,65.470900
2939,118.149400
2940,99.912800
2941,47.219400
2942,-59.859100
2943,88.067700
2944,155.991500
2945,99.910800
2946,32.857500
2947,80.657300
2948,113.095600
2949,-102.678200
2950,-8.399200
2951,-7.654200
2952,-19.991200
2953,120.993800
2954,165.585100
2955,99.915700
2956,71.899200
2957,115.758600
2958,99.942100
2959,14.855900
2960,111.113200
2961,99.917200
2962,119.440800
2963,99.944800
2964,-20.350800
2965,11.797000
2966,117.592200
2967,19.287300
2968,-100.389600
2969,-117.939500
2970,-0.189600
2971,-105.669800
2972,47.021300
2973,133.222800
2974,104.467300
2975,86.110300
2976,109.036500
2977,116.751500
2978,-23.728000
2979,108.681800
2980,99.915100
2981,99.915100
2982,99.915100
2983,132.281900
2984,99.907600
2985,99.907600
2986,-33.466100
2987,-80.787400
2988,17.269400
2989,-93.508500
2990,-105.486800
2991,92.757400
2992,102.925600
2993,103.295600
2994,99.932100
2995,47.000000
2996,108.410800
2997,102.665300
2998,125.372500
2999,99.912100
3000,-124.176200
3001,-7.179000
3002,99.915700
3003,-133.435000
3004,33.486900
3005,-88.200000
3006,-118.497700
3007,-111.147700
3008,97.832500
3009,99.919300
3010,-71.326400
3011,-7.171800
3012,-67.057700
3013,60.329800
3014,123.843200
3015,99.922700
3016,99.922700
3017,89.072800
3018,-82.683100
3019,125.057200
3020,109.428400
3021,99.901900
3022,98.528900
3023,120.302100
3024,99.903200
3025,64.103200
3026,104.476400
3027,99.903700
3028,-115.200300
3029,-20.335900
3030,133.804400
3031,99.919300
3032,114.375100
3033,116.077600
3034,-72.413400
3035,-110.656800
3036,-78.519300
3037,89.247000
3038,-22.455700
3039,-2.055200
3040,99.051300
3041,-77.831000
3042,106.916300
3043,99.933300
3044,-69.122900
3045,26.304000
3046,102.634600
3047,112.344000
3048,99.931400
3049,47.382800
3050,119.128700
3051,99.938100
3052,105.183700
3053,-81.549700
3054,92.508200
3055,99.891700
3056,-51.255400
3057,-90.620700
3058,17.904700
3059,-9.998000
3060,-84.248100
3061,18.604100
3062,32.377400
3063,109.821600
3064,109.518700
3065,10.809700
3066,126.759600
3067,99.924500
3068,27.498900
3069,96.058000
3070,154.816200
3071,99.910900
3072,99.143200
3073,114.091200
3074,99.917300
3075,-48.257000
3076,109.938600
3077,-94.478400
3078,101.512500
3079,107.251300
3080,24.423900
3081,-19.676300
3082,92.932100
3083,109.471200
3084,95.571700
3085,53.386100
3086,84.899600
3087,-14.608200
3088,53.347700
3089,34.056400
3090,110.152400
3091,94.737600
3092,-33.106900
3093,40.717400
3094,-48.150500
3095,-124.010300
3096,88.155300
3097,99.917400
3098,-18.898300
3099,-58.573800
3100,-30.563900
3101,13.347900
3102,78.756400
3103,-78.405100
3104,-21.504600
3105,-28.834900
3106,97.695800
3107,-4.124600
3108,70.077800
3109,123.072400
3110,102.912800
3111,121.772200
3112,2.980500
3113,95.932000
3114,114.555300
3115,124.086800
3116,99.923900
3117,96.809000
3118,110.565300
3119,63.380600
3120,-6.782400
3121,46.590200
3122,103.224100
3123,-53.512100
3124,54.507100
3125,15.938300
3126,-46.851100
3127,44.786100
3128,11.641000
3129,118.111600
3130,138.549200
3131,99.896600
3132,-49.511400
3133,91.949400
3134,102.766200
3135,101.565500
3136,101.663600
3137,83.336900
3138,-4.687300
3139,106.030800
3140,-27.428800
3141,98.288400
3142,99.915800
3143,-88.603100
3144,45.118800
3145,105.603000
3146,109.043000
3147,99.925800
3148,99.925800
3149,110.956400
3150,-23.322800
3151,-1.727500
3152,-60.581600
3153,-33.606600
3154,1.412700
3155,115.889700
3156,102.908500
3157,-79.936300
3158,108.067100
3159,85.107200
3160,-43.261600
3161,109.197600
3162,100.886400
3163,59.753600
3164,116.497000
3165,106.117600
3166,-13.567700
3167,66.790700
3168,60.036400
3169,127.056200
3170,-14.390600
3171,-27.570300
3172,108.699200
3173,-50.555900
3174,105.651800
3175,99.917600
3176,110.958600
3177,110.399500
3178,110.523500
3179,99.931600
3180,94.209900
3181,137.489900
3182,79.850000
3183,105.089300
3184,74.608300
3185,124.472200
3186,106.793400
3187,110.649500
3188,119.260100
3189,157.082100
3190,102.803900
3191,108.391600
3192,100.647500
3193,80.343400
3194,110.089900
3195,101.868500
3196,103.563200
3197,99.909600
3198,107.246400
3199,99.945500
3200,113.902500
3201,68.695000
3202,146.743800
3203,99.908800
3204,117.665900
3205,96.886400
3206,104.558200
3207,78.207500
3208,148.433500
3209,99.932500
3210,116.119100
3211,113.077200
3212,113.899100
3213,113.327200
3214,54.325300
3215,107.200200
3216,110.028700
3217,159.084300
3218,99.918900
3219,99.918900
3220,114.281200
3221,16.705600
3222,103.525200
3223,115.884500
3224,86.134300
3225,128.675900
3226,99.930800
3227,113.446100
3228,103.945600
3229,125.001700
3230,80.355400
3231,103.233800
3232,99.913600
3233,99.913600
3234,65.212500
3235,90.098600
3236,114.113900
3237,99.922800
3238,100.702200
3239,102.783100
3240,113.271800
3241,99.921800
3242,99.944000
3243,-20.169000
3244,138.564300
3245,122.443200
3246,99.924800
3247,114.569800
3248,99.892300
3249,94.793500
3250,117.814300
3251,139.906500
3252,99.939700
3253,189.539700
3254,99.910600
3255,115.739100
3256,102.575100
3257,78.050300
3258,111.054000
3259,99.898100
3260,105.764900
3261,117.668600
3262,99.920300
3263,131.040800
3264,99.947000
3265,158.583500
3266,108.754900
3267,113.209600
3268,100.168100
3269,112.484900
3270,99.091200
3271,99.977400
3272,109.109000
3273,82.467000
3274,113.032800
3275,98.874100
3276,108.349300
3277,102.803200
3278,98.531800
3279,102.906900
3280,77.351500
3281,18.759000
3282,107.523600
3283,99.941900
3284,144.565900
3285,99.942700
3286,105.285500
3287,102.469000
3288,99.930100
3289,65.436300
3290,116.350000
3291,104.911900
3292,99.929800
3293,99.943300
3294,108.936100
3295,50.250700
3296,145.265500
3297,112.015100
3298,106.682700
3299,102.532200
3300,114.527100
3301,59.224400
3302,138.276100
3303,99.919400
3304,136.206200
3305,99.897700
3306,77.008400
3307,102.290200
3308,135.488100
3309,99.915400
3310,66.195900
3311,102.912700
3312,84.946000
3313,106.131700
3314,99.900900
3315,120.341400
3316,90.663000
3317,121.630700
3318,99.927800
3319,27.178900
3320,82.921800
3321,135.170500
3322,115.098400
3323,119.355400
3324,99.930500
3325,107.842500
3326,113.893700
3327,132.548200
3328,107.176400
3329,100.521100
3330,72.111600
3331,97.383600
3332,192.912300
3333,135.849400
3334,116.471700
3335,133.535900
3336,99.932600
3337,157.645000
3338,120.227300
3339,115.705700
3340,99.935300
3341,14.310800
3342,109.688500
3343,99.951500
3344,106.323300
3345,107.380500
3346,108.051500
3347,176.437400
3348,114.830300
3349,101.023300
3350,132.551400
3351,96.231800
3352,112.755300
3353,99.915800
3354,119.133400
3355,99.919600
3356,118.459700
3357,99.934000
3358,81.891100
3359,85.047400
3360,63.902300
3361,120.282600
3362,118.642000
3363,125.000500
3364,121.484700
3365,99.922700
3366,75.830200
3367,126.786300
3368,99.936500
3369,67.195200
3370,97.169000
3371,116.744100
3372,-2.094000
3373,145.113700
3374,99.914400
3375,109.482500
3376,98.088000
3377,42.968900
3378,102.059600
3379,154.601800
3380,145.255800
3381,99.925000
3382,114.224700
3383,139.235400
3384,115.391900
3385,104.676400
3386,105.620000
3387,119.972300
3388,116.199500
3389,99.902900
3390,113.681700
3391,142.268400
3392,123.120900
3393,108.650700
3394,188.184700
3395,99.931400
3396,85.081100
3397,36.307200
3398,105.195100
3399,126.739500
3400,99.906600
3401,-1.408500
3402,167.428800
3403,128.114300
3404,99.921700
3405,114.842400
3406,99.916900
3407,103.120400
3408,39.051300
3409,104.048700
3410,105.273900
3411,101.971900
3412,126.027800
3413,107.826800
3414,111.333900
3415,99.923600
3416,121.007800
3417,99.925800
3418,92.392800
3419,105.985100
3420,130.094100
3421,99.925400
3422,105.878800
3423,94.769300
3424,-37.784800
3425,105.307300
3426,110.857400
3427,99.899400
3428,94.825800
3429,107.871900
3430,120.362300
3431,-13.814600
3432,85.727000
3433,102.573500
3434,176.739300
3435,99.926700
3436,147.391400
3437,99.911000
3438,185.698900
3439,99.909300
3440,163.526100
3441,111.353500
3442,106.765900
3443,99.918900
3444,107.511100
3445,-56.151000
3446,-70.550500
3447,107.582300
3448,132.148000
3449,-40.845700
3450,68.462800
3451,129.637900
3452,99.913900
3453,136.891000
3454,118.676500
3455,75.050500
3456,-57.117600
3457,139.739800
3458,57.779500
3459,33.727400
3460,113.752400
3461,105.586900
3462,111.965200
3463,119.909900
3464,118.528000
3465,113.837700
3466,112.518500
3467,99.926400
3468,99.945900
3469,77.983600
3470,110.177500
3471,99.917700
3472,124.301600
3473,102.729000
3474,94.872200
3475,99.914200
3476,96.206700
3477,128.606900
3478,119.734900
3479,99.917500
3480,99.917500
3481,-52.574200
3482,100.666100
3483,102.806900
3484,109.913800
3485,86.005200
3486,-55.644200
3487,71.716800
3488,101.339100
3489,120.006900
3490,108.673700
3491,104.375600
3492,99.927700
3493,57.715300
3494,111.889500
3495,107.470700
3496,92.846600
3497,-66.622400
3498,113.844700
3499,95.885400
3500,121.623000
3501,92.787700
3502,96.450200
3503,100.400500
3504,114.689900
3505,108.221300
3506,116.530600
3507,99.926400
3508,-25.057400
3509,-82.450300
3510,75.960900
3511,113.725200
3512,103.763400
3513,127.621400
3514,-50.130700
3515,67.182900
3516,107.741300
3517,113.554300
3518,-14.754100
3519,123.920000
3520,55.040900
3521,110.607200
3522,99.916400
3523,165.867400
3524,102.451700
3525,105.753900
3526,-62.712800
3527,96.093800
3528,99.906600
3529,108.196200
3530,103.723600
3531,99.944200
3532,174.928400
3533,103.116300
3534,99.934900
3535,136.992200
3536,126.701500
3537,112.964700
3538,99.922900
3539,103.818200
3540,-47.176800
3541,-60.050100
3542,93.002300
3543,183.042400
3544,99.928600
3545,99.928600
3546,118.923400
3547,7.230500
3548,129.733400
3549,121.605900
3550,164.381900
3551,-49.553200
3552,157.013600
3553,99.929700
3554,-76.784100
3555,137.791000
3556,99.926300
3557,-46.462900
3558,34.773400
3559,33.769500
3560,130.338700
3561,99.907300
3562,151.838800
3563,102.931400
3564,111.904500
3565,92.605700
3566,102.938600
3567,102.927500
3568,35.257000
3569,-69.361200
3570,-67.534200
3571,65.218500
3572,-19.536400
3573,79.864100
3574,116.672700
3575,99.922400
3576,56.128800
3577,125.623000
3578,112.586200
3579,134.511300
3580,113.517500
3581,99.923300
3582,106.637900
3583,99.939800
3584,87.178600
3585,-54.165300
3586,42.427000
3587,27.959500
3588,33.649000
3589,47.055400
3590,38.282100
3591,60.810400
3592,100.095400
3593,196.215600
3594,99.922200
3595,102.384100
3596,11.265500
3597,94.512400
3598,99.900800
3599,185.428900
3600,118.904700
3601,99.932400
3602,62.362200
3603,103.922100
3604,102.910400
3605,164.982500
3606,78.961900
3607,66.811500
3608,124.159900
3609,105.644600
3610,74.780700
3611,112.956400
3612,24.805600
3613,99.571600
3614,103.856200
3615,105.796700
3616,53.427500
3617,82.810200
3618,105.343800
3619,172.315700
3620,93.019900
3621,106.523500
3622,99.916600
3623,114.345300
3624,132.149000
3625,69.071100
3626,44.225200
3627,-23.289600
3628,-23.357800
3629,-3.577700
3630,-28.517100
3631,121.049100
3632,118.705600
3633,99.933100
3634,104.086000
3635,99.919200
3636,-31.511500
3637,86.114900
3638,108.162500
3639,48.645400
3640,110.944300
3641,84.836600
3642,92.124400
3643,105.238300
3644,114.516800
3645,108.466700
3646,83.213700
3647,69.060900
3648,7.553200
3649,-8.209800
3650,52.646600
3651,129.801600
3652,102.934000
3653,117.229800
3654,105.748800
3655,135.182100
3656,125.780900
3657,99.911000
3658,105.347000
3659,85.802700
3660,83.496500
3661,108.565100
3662,69.323300
3663,102.679300
3664,71.001300
3665,43.533400
3666,175.999400
3667,99.929700
3668,113.612800
3669,99.909800
3670,101.496600
3671,52.877900
3672,-27.314600
3673,-1.749000
3674,22.602700
3675,139.325400
3676,99.937100
3677,99.937100
3678,99.937100
3679,66.483800
3680,124.577000
3681,99.938600
3682,99.938600
3683,-8.759200
3684,60.209900
3685,99.915000
3686,58.806300
3687,144.639700
3688,102.827700
3689,92.747300
3690,114.677100
3691,102.573200
3692,100.891000
3693,123.681200
3694,125.312700
3695,125.442900
3696,99.932600
3697,-41.704400
3698,2.196200
3699,157.721000
3700,99.921500
3701,102.311600
3702,114.425300
3703,99.922400
3704,158.360000
3705,152.749300
3706,100.724000
3707,-12.788700
3708,115.970200
3709,129.107000
3710,117.441200
3711,108.293500
3712,82.618200
3713,170.168900
3714,99.923900
3715,-0.257600
3716,-46.354500
3717,125.338800
3718,99.941300
3719,115.527200
3720,99.940600
3721,114.226100
3722,17.828600
3723,118.643900
3724,99.936100
3725,100.718900
3726,99.929100
3727,109.475700
3728,93.066000
3729,-16.875100
3730,92.037100
3731,84.292000
3732,148.100500
3733,99.927300
3734,-44.737500
3735,-22.072700
3736,57.470900
3737,29.206900
3738,126.658000
3739,124.292200
3740,102.892100
3741,112.890400
3742,7.991000
3743,155.775100
3744,5.652000
3745,79.963800
3746,126.993500
3747,102.135900
3748,99.916700
3749,81.036400
3750,-1.258900
3751,-28.288500
3752,99.895700
3753,-47.396900
3754,-25.834800
3755,54.310100
3756,-20.184900
3757,42.333800
3758,141.616600
3759,99.928700
3760,99.928700
3761,-14.726800
3762,129.562600
3763,-27.498900
3764,154.326500
3765,-40.818100
3766,71.688800
3767,168.132900
3768,99.912600
3769,58.620700
3770,23.239400
3771,132.812300
3772,144.980100
3773,99.916400
3774,165.303800
3775,99.923800
3776,108.299400
3777,124.586400
3778,102.797300
3779,109.444400
3780,115.652700
3781,80.772900
3782,129.547900
3783,99.945100
3784,147.098000
3785,141.922800
3786,99.938900
3787,114.955900
3788,119.123600
3789,99.923800
3790,105.404300
3791,102.852000
3792,7.959900
3793,154.283600
3794,121.050800
3795,124.881200
3796,186.851300
3797,-0.654400
3798,102.461500
3799,138.789900
3800,99.931800
3801,105.870600
3802,81.973600
3803,111.216100
3804,177.089000
3805,99.933800
3806,78.681700
3807,107.540300
3808,99.932100
3809,99.932100
3810,95.359700
3811,127.049500
3812,52.464500
3813,23.694300
3814,96.215200
3815,110.013300
3816,66.232500
3817,-36.192100
3818,46.124700
3819,110.871200
3820,110.140900
3821,-55.872200
3822,96.873900
3823,122.890300
3824,13.319500
3825,117.463200
3826,99.897400
3827,45.113700
3828,123.278400
3829,9.674600
3830,-29.642400
3831,65.471900
3832,111.189800
3833,99.936800
3834,117.284300
3835,125.721800
3836,107.998000
3837,182.856000
3838,-75.965100
3839,120.533900
3840,-67.104700
3841,89.246700
3842,99.943000
3843,53.069100
3844,7.674200
3845,-77.208900
3846,25.888900
3847,170.075500
3848,99.927400
3849,112.019200
3850,174.998500
3851,45.108000
3852,-52.088400
3853,-55.247200
3854,70.408600
3855,-9.820700
3856,103.301500
3857,75.665900
3858,139.065500
3859,99.936000
3860,86.922200
3861,103.339400
3862,60.345100
3863,69.778100
3864,-38.480200
3865,36.538600
3866,78.214000
3867,99.927100
3868,132.347600
3869,99.920900
3870,88.389800
3871,121.829800
3872,137.211900
3873,105.154700
3874,99.445800
3875,150.091700
3876,99.915200
3877,99.915200
3878,80.268300
3879,141.935300
3880,99.946600
3881,114.078400
3882,129.969400
3883,130.465400
3884,10.997500
3885,80.196800
3886,108.743100
3887,-45.576000
3888,114.977500
3889,99.910500
3890,-8.072100
3891,99.359600
3892,105.626500
3893,1.305100
3894,15.961600
3895,74.383300
3896,62.343800
3897,113.415300
3898,133.019300
3899,94.069400
3900,185.143500
3901,57.557200
3902,137.289200
3903,102.693600
3904,105.837700
3905,166.348900
3906,99.938900
3907,105.830700
3908,132.244400
3909,-13.837400
3910,114.595000
3911,-6.156000
3912,115.538500
3913,99.940900
3914,196.329700
3915,99.920800
3916,152.003200
3917,99.928500
3918,-45.234000
3919,151.218400
3920,99.928200
3921,130.422000
3922,-51.702700
3923,31.118100
3924,118.065600
3925,113.169600
3926,15.392100
3927,156.827300
3928,5.917200
3929,-78.787400
3930,167.442800
3931,128.033200
3932,102.924800
3933,99.924800
3934,98.930100
3935,99.936400
3936,104.546000
3937,-76.717800
3938,-87.368500
3939,-73.054900
3940,-30.737700
3941,100.456500
3942,-40.019700
3943,39.056400
3944,113.771000
3945,99.933300
3946,-13.196400
3947,95.079400
3948,127.749600
3949,153.433200
3950,99.928800
3951,99.928800
3952,-11.545300
3953,92.890700
3954,-51.643200
3955,128.918800
3956,6.612800
3957,-36.954400
3958,76.547100
3959,103.306400
3960,111.534000
3961,-48.323300
3962,81.199700
3963,112.254900
3964,99.907200
3965,75.503100
3966,147.192000
3967,-45.788300
3968,100.197500
3969,-59.174300
3970,121.365100
3971,-61.592800
3972,131.210200
3973,93.416900
3974,-6.830700
3975,-46.644200
3976,-36.824800
3977,121.729500
3978,119.667500
3979,99.944300
3980,-59.426100
3981,4.017700
3982,90.958800
3983,107.615400
3984,99.929600
3985,163.038300
3986,99.930100
3987,135.123900
3988,107.105800
3989,99.920600
3990,43.622000
3991,107.804500
3992,99.904700
3993,99.904700
3994,55.058000
3995,-6.230500
3996,132.831800
3997,99.934200
3998,79.956900
3999,99.925700
